{
  "total_researchers": 1,
  "total_proposals": 6,
  "similarity_scores": {
    "mean": 0.6759939163923265,
    "median": 0.6759939163923265,
    "std": 0,
    "min": 0.6759939163923265,
    "max": 0.6759939163923265
  },
  "top_keywords": {
    "keyword_秋草直大": 1
  },
  "last_build": "2025-06-10T01:08:39.266435"
}