{
  "total_researchers": 1,
  "total_proposals": 6,
  "similarity_scores": {
    "mean": 0.7974648535251617,
    "median": 0.7974648535251617,
    "std": 0,
    "min": 0.7974648535251617,
    "max": 0.7974648535251617
  },
  "top_keywords": {
    "keyword_藤田 克昌": 1
  },
  "last_build": "2025-06-10T16:55:35.610675"
}