{
  "total_researchers": 65,
  "total_proposals": 975,
  "cache_statistics": {
    "hits": 0,
    "misses": 66,
    "hit_rate": 0.0,
    "cached_builds": 0,
    "fresh_builds": 65
  },
  "similarity_scores": {
    "mean": 0.7859206557273873,
    "median": 0.7859206557273866,
    "min": 0.7859206557273866,
    "max": 0.7859206557273866
  },
  "kaken_statistics": {
    "researchers_with_kaken": 31,
    "kaken_coverage": 0.47692307692307695
  },
  "build_info": {
    "force_rebuild": true,
    "last_build": "2025-06-20T00:04:49.522142",
    "successful_builds": 65,
    "failed_builds": 0,
    "uid_mappings": 65
  }
}