{
  "total_researchers": 1,
  "total_proposals": 6,
  "similarity_scores": {
    "mean": 0.49413095116615297,
    "median": 0.49413095116615297,
    "std": 0,
    "min": 0.49413095116615297,
    "max": 0.49413095116615297
  },
  "top_keywords": {
    "keyword_藤田 克昌": 1
  },
  "last_build": "2025-06-10T10:32:19.856017"
}