{
  "data": 0.631759062409401,
  "timestamp": 1750298426.55869,
  "ttl": 86400,
  "version": "1.0"
}