{
  "data": 0.38609371185302743,
  "timestamp": 1750298424.524683,
  "ttl": 86400,
  "version": "1.0"
}