{
  "data": 0.518099480867386,
  "timestamp": 1750298426.863872,
  "ttl": 86400,
  "version": "1.0"
}