{
  "data": 0.4094772160053254,
  "timestamp": 1750298426.9286048,
  "ttl": 86400,
  "version": "1.0"
}