{
  "data": 0.3753284513950348,
  "timestamp": 1750298424.235442,
  "ttl": 86400,
  "version": "1.0"
}