{
  "data": 0.4516853332519532,
  "timestamp": 1750298424.104658,
  "ttl": 86400,
  "version": "1.0"
}