{
  "data": 0.5194742918014528,
  "timestamp": 1750298426.428649,
  "ttl": 86400,
  "version": "1.0"
}