{
  "data": 0.4174967050552369,
  "timestamp": 1750298425.636055,
  "ttl": 86400,
  "version": "1.0"
}