{
  "data": 0.7228787064552309,
  "timestamp": 1750298426.296868,
  "ttl": 86400,
  "version": "1.0"
}