{
  "data": 0.4342637032270433,
  "timestamp": 1750298425.1918678,
  "ttl": 86400,
  "version": "1.0"
}