{
  "data": 0.4627006888389588,
  "timestamp": 1750298425.023764,
  "ttl": 86400,
  "version": "1.0"
}