{
  "data": 0.3670332700014115,
  "timestamp": 1750298425.071109,
  "ttl": 86400,
  "version": "1.0"
}