{
  "data": 0.5023020625114442,
  "timestamp": 1750298426.066176,
  "ttl": 86400,
  "version": "1.0"
}