{
  "data": 0.32822322249412544,
  "timestamp": 1750298426.498113,
  "ttl": 86400,
  "version": "1.0"
}