{
  "data": 0.6684762120246889,
  "timestamp": 1750298426.1941051,
  "ttl": 86400,
  "version": "1.0"
}