{
  "data": 0.43156706094741826,
  "timestamp": 1750298424.777301,
  "ttl": 86400,
  "version": "1.0"
}