{
  "data": 0.4968009889125824,
  "timestamp": 1750298426.0215628,
  "ttl": 86400,
  "version": "1.0"
}