{
  "data": 0.42866238057613376,
  "timestamp": 1750298426.9864058,
  "ttl": 86400,
  "version": "1.0"
}