{
  "data": 0.37087337970733647,
  "timestamp": 1750298424.574282,
  "ttl": 86400,
  "version": "1.0"
}