{
  "data": 0.7722502619028092,
  "timestamp": 1750298425.403308,
  "ttl": 86400,
  "version": "1.0"
}