{
  "data": 0.4850968927145005,
  "timestamp": 1750298426.251633,
  "ttl": 86400,
  "version": "1.0"
}