{
  "data": 0.5512096732854844,
  "timestamp": 1750298425.502456,
  "ttl": 86400,
  "version": "1.0"
}