{
  "data": 0.354316121339798,
  "timestamp": 1750298425.7986271,
  "ttl": 86400,
  "version": "1.0"
}