{
  "data": 0.39241637587547307,
  "timestamp": 1750298424.427757,
  "ttl": 86400,
  "version": "1.0"
}