{
  "data": 0.49294301271438606,
  "timestamp": 1750298424.9364889,
  "ttl": 86400,
  "version": "1.0"
}