{
  "data": 0.46869177818298347,
  "timestamp": 1750298426.3433971,
  "ttl": 86400,
  "version": "1.0"
}