{
  "data": 0.7859206557273866,
  "timestamp": 1750298424.884896,
  "ttl": 86400,
  "version": "1.0"
}